{"0":{},"12":{"playlist":{"ps":[9,7,10],"dur":[10,36000,2400],"transition":[0,0,2400],"repeat":1,"end":0,"r":0},"on":true,"n":"Світанок","ql":"12"}                                                                                             ,"11":{"playlist":{"ps":[9,1],"dur":[10,200],"transition":[0,40],"repeat":1,"end":1,"r":0},"on":true,"n":"Привіт","ql":"11"}  ,"9":{"on":true,"bri":0,"transition":0,"mainseg":0,"seg":[{"id":0,"fx":0,"col":[[0,0,0]]}],"n":"Темний колір","ql":"9"},"2":{"on":true,"bri":100,"transition":7,"bs":0,"mainseg":0,"seg":[{"id":0,"start":0,"stop":88,"grp":1,"spc":0,"of":0,"on":true,"frz":false,"bri":255,"cct":127,"set":0,"lc":1,"n":"","col":[[255,0,47],[0,0,0],[0,0,0]],"fx":213,"sx":34,"ix":43,"pal":35,"c1":0,"c2":43,"c3":28,"sel":true,"rev":false,"mi":false,"o1":true,"o2":true,"o3":false,"si":0,"m12":0,"bm":0},{"stop":0},{"stop":0},{"stop":0},{"stop":0},{"stop":0},{"stop":0},{"stop":0},{"stop":0},{"stop":0},{"stop":0},{"stop":0},{"stop":0},{"stop":0},{"stop":0},{"stop":0},{"stop":0},{"stop":0},{"stop":0},{"stop":0},{"stop":0},{"stop":0},{"stop":0},{"stop":0},{"stop":0},{"stop":0},{"stop":0},{"stop":0},{"stop":0},{"stop":0},{"stop":0},{"stop":0}],"n":"Вогонь","ql":"2"},"3":{"on":true,"bri":100,"transition":7,"bs":0,"mainseg":0,"seg":[{"id":0,"start":0,"stop":88,"grp":1,"spc":0,"of":0,"on":true,"frz":false,"bri":255,"cct":127,"set":0,"lc":1,"n":"","col":[[255,0,47],[0,0,0],[0,0,0]],"fx":207,"sx":50,"ix":200,"pal":34,"c1":140,"c2":80,"c3":4,"sel":true,"rev":false,"mi":false,"o1":true,"o2":true,"o3":true,"si":0,"m12":0,"bm":0},{"stop":0},{"stop":0},{"stop":0},{"stop":0},{"stop":0},{"stop":0},{"stop":0},{"stop":0},{"stop":0},{"stop":0},{"stop":0},{"stop":0},{"stop":0},{"stop":0},{"stop":0},{"stop":0},{"stop":0},{"stop":0},{"stop":0},{"stop":0},{"stop":0},{"stop":0},{"stop":0},{"stop":0},{"stop":0},{"stop":0},{"stop":0},{"stop":0},{"stop":0},{"stop":0},{"stop":0}],"n":"Камінці","ql":"3"}                                                                                                                                                                                                                                         ,"4":{"on":true,"bri":100,"transition":7,"bs":0,"mainseg":0,"seg":[{"id":0,"start":0,"stop":88,"grp":1,"spc":0,"of":0,"on":true,"frz":false,"bri":255,"cct":127,"set":0,"lc":1,"n":"","col":[[255,0,47],[0,0,0],[0,0,0]],"fx":138,"sx":128,"ix":128,"pal":11,"c1":128,"c2":128,"c3":16,"sel":true,"rev":false,"mi":false,"o1":false,"o2":false,"o3":false,"si":0,"m12":3,"bm":0},{"stop":0},{"stop":0},{"stop":0},{"stop":0},{"stop":0},{"stop":0},{"stop":0},{"stop":0},{"stop":0},{"stop":0},{"stop":0},{"stop":0},{"stop":0},{"stop":0},{"stop":0},{"stop":0},{"stop":0},{"stop":0},{"stop":0},{"stop":0},{"stop":0},{"stop":0},{"stop":0},{"stop":0},{"stop":0},{"stop":0},{"stop":0},{"stop":0},{"stop":0},{"stop":0},{"stop":0}],"n":"Маріо","ql":"4"},"8":{"on":true,"bri":100,"transition":7,"bs":0,"mainseg":0,"seg":[{"id":0,"start":0,"stop":88,"grp":1,"spc":0,"of":0,"on":true,"frz":false,"bri":255,"cct":127,"set":0,"lc":1,"n":"","col":[[255,0,47],[0,0,0],[0,0,0]],"fx":91,"sx":154,"ix":255,"pal":0,"c1":128,"c2":128,"c3":16,"sel":true,"rev":false,"mi":false,"o1":false,"o2":false,"o3":false,"si":0,"m12":1,"bm":0}],"n":"М'ячики","ql":"8"}                                                                                                                                                                                                                                                                                                                                            ,"6":{"on":true,"bri":100,"transition":7,"bs":0,"mainseg":0,"seg":[{"id":0,"start":0,"stop":88,"grp":1,"spc":0,"of":0,"on":true,"frz":false,"bri":255,"cct":127,"set":0,"lc":1,"n":"","col":[[255,0,47],[0,0,0],[0,0,0]],"fx":70,"sx":128,"ix":128,"pal":20,"c1":128,"c2":128,"c3":16,"sel":true,"rev":false,"mi":false,"o1":false,"o2":false,"o3":false,"si":0,"m12":0,"bm":0},{"stop":0},{"stop":0},{"stop":0},{"stop":0},{"stop":0},{"stop":0},{"stop":0},{"stop":0},{"stop":0},{"stop":0},{"stop":0},{"stop":0},{"stop":0},{"stop":0},{"stop":0},{"stop":0},{"stop":0},{"stop":0},{"stop":0},{"stop":0},{"stop":0},{"stop":0},{"stop":0},{"stop":0},{"stop":0},{"stop":0},{"stop":0},{"stop":0},{"stop":0},{"stop":0},{"stop":0}],"n":"Шум","ql":"6"}                                                                                                                                                                                                                                                                                                                                                                                                                                                                                                                                                                                                                                                                                                                                                                                                                                                                                                                                                                                                                                                                                                                                                                                                                                                                                                                                                                                                                                                                                                                                                                                                                                                                                                                                                                                                                                                                                                                                                                                                                                                                                                                                                                                                                                                                                        ,"10":{"on":false,"bri":100,"transition":7,"bs":0,"mainseg":0,"seg":[{"id":0,"start":0,"stop":88,"grp":1,"spc":0,"of":0,"on":true,"frz":false,"bri":255,"cct":127,"set":0,"lc":1,"n":"","col":[[0,0,0],[0,0,0],[0,0,0]],"fx":0,"sx":128,"ix":128,"pal":11,"c1":128,"c2":128,"c3":16,"sel":true,"rev":false,"mi":false,"o1":false,"o2":false,"o3":false,"si":1,"m12":0,"bm":0},{"stop":0},{"stop":0},{"stop":0},{"stop":0},{"stop":0},{"stop":0},{"stop":0},{"stop":0},{"stop":0},{"stop":0},{"stop":0},{"stop":0},{"stop":0},{"stop":0},{"stop":0},{"stop":0},{"stop":0},{"stop":0},{"stop":0},{"stop":0},{"stop":0},{"stop":0},{"stop":0},{"stop":0},{"stop":0},{"stop":0},{"stop":0},{"stop":0},{"stop":0},{"stop":0},{"stop":0}],"n":"Вимкнути","ql":"10"},"5":{"on":true,"bri":100,"transition":7,"bs":0,"mainseg":0,"seg":[{"id":0,"start":0,"stop":88,"grp":1,"spc":0,"of":0,"on":true,"frz":false,"bri":255,"cct":127,"set":0,"lc":1,"n":"","col":[[255,0,47],[0,0,0],[0,0,0]],"fx":110,"sx":128,"ix":128,"pal":11,"c1":128,"c2":128,"c3":16,"sel":true,"rev":false,"mi":false,"o1":false,"o2":false,"o3":false,"si":0,"m12":1,"bm":0},{"stop":0},{"stop":0},{"stop":0},{"stop":0},{"stop":0},{"stop":0},{"stop":0},{"stop":0},{"stop":0},{"stop":0},{"stop":0},{"stop":0},{"stop":0},{"stop":0},{"stop":0},{"stop":0},{"stop":0},{"stop":0},{"stop":0},{"stop":0},{"stop":0},{"stop":0},{"stop":0},{"stop":0},{"stop":0},{"stop":0},{"stop":0},{"stop":0},{"stop":0},{"stop":0},{"stop":0}],"n":"Транс","ql":"5"}                                                                                                                                                                                                                                                                                                                                                                                                                                                                                                                                                                                                                                                                                                                                                                                                                                                                       ,"7":{"on":true,"bri":255,"transition":7,"bs":0,"mainseg":0,"seg":[{"id":0,"start":0,"stop":88,"grp":1,"spc":0,"of":0,"on":true,"frz":false,"bri":255,"cct":127,"set":0,"lc":1,"n":"","col":[[255,0,47],[0,0,0],[0,0,0]],"fx":104,"sx":30,"ix":255,"pal":35,"c1":128,"c2":128,"c3":16,"sel":true,"rev":false,"mi":false,"o1":false,"o2":false,"o3":false,"si":0,"m12":0,"bm":0},{"stop":0},{"stop":0},{"stop":0},{"stop":0},{"stop":0},{"stop":0},{"stop":0},{"stop":0},{"stop":0},{"stop":0},{"stop":0},{"stop":0},{"stop":0},{"stop":0},{"stop":0},{"stop":0},{"stop":0},{"stop":0},{"stop":0},{"stop":0},{"stop":0},{"stop":0},{"stop":0},{"stop":0},{"stop":0},{"stop":0},{"stop":0},{"stop":0},{"stop":0},{"stop":0},{"stop":0}],"n":"Світанок","ql":"7"}                                                                                                                                                                                                                                                                                                                                                                                                                                                                                                                                                                                                                                                                                                                                                   ,"1":{"on":true,"bri":76,"transition":7,"bs":0,"mainseg":0,"seg":[{"id":0,"start":0,"stop":88,"grp":1,"spc":0,"of":0,"on":true,"frz":false,"bri":255,"cct":127,"set":0,"lc":1,"n":"","col":[[255,198,122],[255,0,8],[0,0,0]],"fx":0,"sx":128,"ix":128,"pal":43,"c1":128,"c2":128,"c3":16,"sel":true,"rev":false,"mi":false,"o1":false,"o2":false,"o3":false,"si":0,"m12":0,"bm":0},{"stop":0},{"stop":0},{"stop":0},{"stop":0},{"stop":0},{"stop":0},{"stop":0},{"stop":0},{"stop":0},{"stop":0},{"stop":0},{"stop":0},{"stop":0},{"stop":0},{"stop":0},{"stop":0},{"stop":0},{"stop":0},{"stop":0},{"stop":0},{"stop":0},{"stop":0},{"stop":0},{"stop":0},{"stop":0},{"stop":0},{"stop":0},{"stop":0},{"stop":0},{"stop":0},{"stop":0}],"n":"Суцільний колір","ql":"1"}                                                                                                                                                                                                                                                                                                                                                                                                                                                                                                                                                                                                                                                                                                                                                                    }